{"cameraMode":{"drawMode":0,"name":"Shaded","section":"Shading Mode"},"sceneLighting":false,"audioPlay":false,"sceneViewState":{"showFog":true,"showMaterialUpdate":false,"showSkybox":false,"showFlares":true,"showImageEffects":true,"showParticleSystems":true},"in2DMode":false,"pivot":{"x":-4.926389694213867,"y":-2.1904067993164064,"z":-6.930025100708008},"rotation":{"x":-0.009062794968485833,"y":-0.5179899334907532,"z":-0.005304400809109211,"w":0.8553730249404907},"size":38.484283447265628,"orthographic":false}