{"cameraMode":{"drawMode":0,"name":"Shaded","section":"Shading Mode"},"sceneLighting":false,"audioPlay":false,"sceneViewState":{"showFog":true,"showMaterialUpdate":false,"showSkybox":false,"showFlares":true,"showImageEffects":true,"showParticleSystems":true},"in2DMode":false,"pivot":{"x":0.10512828826904297,"y":1.8419076204299927,"z":-0.5384707450866699},"rotation":{"x":-0.03255727142095566,"y":-0.5971412062644959,"z":-0.024072978645563127,"w":0.8011677861213684},"size":5.706234455108643,"orthographic":false}