{"cameraMode":{"drawMode":0,"name":"Shaded","section":"Shading Mode"},"sceneLighting":false,"audioPlay":false,"sceneViewState":{"showFog":true,"showMaterialUpdate":false,"showSkybox":false,"showFlares":true,"showImageEffects":true,"showParticleSystems":true},"in2DMode":false,"pivot":{"x":-35.18674850463867,"y":-1.195029854774475,"z":20.453811645507814},"rotation":{"x":-0.382001668214798,"y":-0.38977551460266116,"z":0.18183963000774384,"w":-0.8180368542671204},"size":4.001040458679199,"orthographic":false}