{"cameraMode":{"drawMode":0,"name":"Shaded","section":"Shading Mode"},"sceneLighting":false,"audioPlay":false,"sceneViewState":{"showFog":true,"showMaterialUpdate":false,"showSkybox":false,"showFlares":true,"showImageEffects":true,"showParticleSystems":true},"in2DMode":false,"pivot":{"x":0.006211340427398682,"y":1.0677855014801026,"z":0.005833327770233154},"rotation":{"x":-0.009062794968485833,"y":-0.5179899334907532,"z":-0.005304400809109211,"w":0.8553730249404907},"size":5.908087253570557,"orthographic":false}