{"cameraMode":{"drawMode":0,"name":"Shaded","section":"Shading Mode"},"sceneLighting":false,"audioPlay":false,"sceneViewState":{"showFog":true,"showMaterialUpdate":false,"showSkybox":false,"showFlares":true,"showImageEffects":true,"showParticleSystems":true},"in2DMode":false,"pivot":{"x":-38.20999526977539,"y":27.189128875732423,"z":-14.337525367736817},"rotation":{"x":0.3030202388763428,"y":-0.008639177307486534,"z":0.004044851288199425,"w":0.9531925320625305},"size":3.637871265411377,"orthographic":false}