{"cameraMode":{"drawMode":0,"name":"Shaded","section":"Shading Mode"},"sceneLighting":true,"audioPlay":false,"sceneViewState":{"showFog":true,"showMaterialUpdate":false,"showSkybox":false,"showFlares":true,"showImageEffects":true,"showParticleSystems":true},"in2DMode":false,"pivot":{"x":14.993239402770996,"y":-0.6455725431442261,"z":12.830288887023926},"rotation":{"x":0.1389111876487732,"y":0.4334915280342102,"z":-0.06699547916650772,"w":0.8880888223648071},"size":10.09872055053711,"orthographic":false}