{"cameraMode":{"drawMode":0,"name":"Shaded","section":"Shading Mode"},"sceneLighting":true,"audioPlay":false,"sceneViewState":{"showFog":true,"showMaterialUpdate":false,"showSkybox":true,"showFlares":true,"showImageEffects":true,"showParticleSystems":true},"in2DMode":false,"pivot":{"x":-27.74018669128418,"y":40.764854431152347,"z":-40.65080261230469},"rotation":{"x":-0.31144845485687258,"y":0.3802672028541565,"z":0.13838249444961549,"w":0.86006098985672},"size":14.220450401306153,"orthographic":false}