{"cameraMode":{"drawMode":0,"name":"Shaded","section":"Shading Mode"},"sceneLighting":false,"audioPlay":false,"sceneViewState":{"showFog":true,"showMaterialUpdate":false,"showSkybox":false,"showFlares":true,"showImageEffects":true,"showParticleSystems":true},"in2DMode":false,"pivot":{"x":-0.07084216177463532,"y":-0.45022639632225039,"z":-0.3101440370082855},"rotation":{"x":0.22623635828495027,"y":0.6937717795372009,"z":-0.6387206315994263,"w":0.24484561383724214},"size":1.5189354419708253,"orthographic":false}