{"cameraMode":{"drawMode":0,"name":"Shaded","section":"Shading Mode"},"sceneLighting":true,"audioPlay":false,"sceneViewState":{"showFog":true,"showMaterialUpdate":false,"showSkybox":true,"showFlares":true,"showImageEffects":true,"showParticleSystems":true},"in2DMode":false,"pivot":{"x":-48.4530029296875,"y":-113.62754821777344,"z":152.95632934570313},"rotation":{"x":-0.31741270422935488,"y":0.19102969765663148,"z":-0.06548886746168137,"w":-0.9267227649688721},"size":217.7558135986328,"orthographic":false}