{"cameraMode":{"drawMode":0,"name":"Shaded","section":"Shading Mode"},"sceneLighting":false,"audioPlay":false,"sceneViewState":{"showFog":true,"showMaterialUpdate":false,"showSkybox":false,"showFlares":true,"showImageEffects":true,"showParticleSystems":true},"in2DMode":false,"pivot":{"x":-22.134565353393556,"y":0.9435399770736694,"z":-13.099356651306153},"rotation":{"x":0.19272513687610627,"y":0.46408557891845705,"z":-0.10407057404518128,"w":0.858336865901947},"size":4.442760944366455,"orthographic":false}