{"cameraMode":{"drawMode":0,"name":"Shaded","section":"Shading Mode"},"sceneLighting":true,"audioPlay":false,"sceneViewState":{"showFog":true,"showMaterialUpdate":false,"showSkybox":true,"showFlares":true,"showImageEffects":true,"showParticleSystems":true},"in2DMode":false,"pivot":{"x":-29.61583709716797,"y":20.747106552124025,"z":-15.840399742126465},"rotation":{"x":0.20416755974292756,"y":0.04319212585687637,"z":-0.008982913568615914,"w":0.9779688715934753},"size":22.0,"orthographic":false}