{"cameraMode":{"drawMode":0,"name":"Shaded","section":"Shading Mode"},"sceneLighting":false,"audioPlay":false,"sceneViewState":{"showFog":true,"showMaterialUpdate":false,"showSkybox":false,"showFlares":true,"showImageEffects":true,"showParticleSystems":true},"in2DMode":false,"pivot":{"x":-0.7014126777648926,"y":0.8619590997695923,"z":-0.22365331649780274},"rotation":{"x":-0.026785193011164666,"y":0.9636655449867249,"z":-0.243819460272789,"w":-0.10596884787082672},"size":3.7686614990234377,"orthographic":false}