{"cameraMode":{"drawMode":0,"name":"Shaded","section":"Shading Mode"},"sceneLighting":false,"audioPlay":false,"sceneViewState":{"showFog":true,"showMaterialUpdate":false,"showSkybox":false,"showFlares":true,"showImageEffects":true,"showParticleSystems":true},"in2DMode":false,"pivot":{"x":-1.2420011758804322,"y":0.042905449867248538,"z":1.1006847620010377},"rotation":{"x":0.15919627249240876,"y":-0.32670578360557558,"z":0.05582255870103836,"w":0.9300236105918884},"size":3.9730379581451418,"orthographic":false}