{"cameraMode":{"drawMode":0,"name":"Shaded","section":"Shading Mode"},"sceneLighting":true,"audioPlay":false,"sceneViewState":{"showFog":true,"showMaterialUpdate":false,"showSkybox":false,"showFlares":true,"showImageEffects":true,"showParticleSystems":true},"in2DMode":false,"pivot":{"x":16.010000228881837,"y":-0.949999988079071,"z":9.109999656677246},"rotation":{"x":-0.3959248661994934,"y":0.06931651383638382,"z":-0.02998805046081543,"w":-0.915173351764679},"size":16.004150390625,"orthographic":false}