{"cameraMode":{"drawMode":0,"name":"Shaded","section":"Shading Mode"},"sceneLighting":false,"audioPlay":false,"sceneViewState":{"showFog":true,"showMaterialUpdate":false,"showSkybox":false,"showFlares":true,"showImageEffects":true,"showParticleSystems":true},"in2DMode":false,"pivot":{"x":-31.415563583374025,"y":27.977712631225587,"z":-26.88201904296875},"rotation":{"x":-0.11025466024875641,"y":-0.061953723430633548,"z":-0.006855460815131664,"w":0.9919728636741638},"size":3.8187272548675539,"orthographic":false}