{"cameraMode":{"drawMode":0,"name":"Shaded","section":"Shading Mode"},"sceneLighting":false,"audioPlay":false,"sceneViewState":{"showFog":true,"showMaterialUpdate":false,"showSkybox":false,"showFlares":true,"showImageEffects":true,"showParticleSystems":true},"in2DMode":false,"pivot":{"x":0.15830402076244355,"y":-0.12324292957782746,"z":-1.1194146871566773},"rotation":{"x":-0.0008469464373774827,"y":0.9574544429779053,"z":-0.28864848613739016,"w":-0.002896862803027034},"size":3.5470783710479738,"orthographic":false}