{"cameraMode":{"drawMode":0,"name":"Shaded","section":"Shading Mode"},"sceneLighting":false,"audioPlay":false,"sceneViewState":{"showFog":true,"showMaterialUpdate":false,"showSkybox":false,"showFlares":true,"showImageEffects":true,"showParticleSystems":true},"in2DMode":false,"pivot":{"x":16.020000457763673,"y":3.4800000190734865,"z":3.989999771118164},"rotation":{"x":0.09370029717683792,"y":-0.8994308710098267,"z":0.23764385282993318,"w":0.35467275977134707},"size":0.8573645353317261,"orthographic":false}