{"cameraMode":{"drawMode":0,"name":"Shaded","section":"Shading Mode"},"sceneLighting":false,"audioPlay":false,"sceneViewState":{"showFog":true,"showMaterialUpdate":false,"showSkybox":false,"showFlares":true,"showImageEffects":true,"showParticleSystems":true},"in2DMode":false,"pivot":{"x":-39.43150329589844,"y":23.101804733276368,"z":-16.499629974365236},"rotation":{"x":0.13560070097446443,"y":-0.37853750586509707,"z":0.056185800582170489,"w":0.9138933420181274},"size":5.742452621459961,"orthographic":false}