{"cameraMode":{"drawMode":0,"name":"Shaded","section":"Shading Mode"},"sceneLighting":false,"audioPlay":false,"sceneViewState":{"showFog":true,"showMaterialUpdate":false,"showSkybox":false,"showFlares":true,"showImageEffects":true,"showParticleSystems":true},"in2DMode":false,"pivot":{"x":-38.976600646972659,"y":22.463090896606447,"z":-13.529979705810547},"rotation":{"x":-0.2289106398820877,"y":-0.05373397842049599,"z":0.012605509720742703,"w":-0.9719048142433167},"size":5.7157673835754398,"orthographic":false}