{"cameraMode":{"drawMode":0,"name":"Shaded","section":"Shading Mode"},"sceneLighting":true,"audioPlay":false,"sceneViewState":{"showFog":false,"showMaterialUpdate":false,"showSkybox":false,"showFlares":false,"showImageEffects":false,"showParticleSystems":true},"in2DMode":false,"pivot":{"x":147.32778930664063,"y":216.8914337158203,"z":-83.05558776855469},"rotation":{"x":0.26094090938568118,"y":-0.11120102554559708,"z":0.030273806303739549,"w":0.9584529995918274},"size":266.9741516113281,"orthographic":false}