{"cameraMode":{"drawMode":0,"name":"Shaded","section":"Shading Mode"},"sceneLighting":true,"audioPlay":false,"sceneViewState":{"showFog":true,"showMaterialUpdate":false,"showSkybox":false,"showFlares":true,"showImageEffects":true,"showParticleSystems":true},"in2DMode":false,"pivot":{"x":14.685155868530274,"y":6.488552093505859,"z":3.965359926223755},"rotation":{"x":0.602654755115509,"y":0.006018232554197311,"z":-0.004463038872927427,"w":0.7980206608772278},"size":5.7723565101623539,"orthographic":false}