{"cameraMode":{"drawMode":0,"name":"Shaded","section":"Shading Mode"},"sceneLighting":false,"audioPlay":false,"sceneViewState":{"showFog":true,"showMaterialUpdate":false,"showSkybox":false,"showFlares":true,"showImageEffects":true,"showParticleSystems":true},"in2DMode":false,"pivot":{"x":-39.43150329589844,"y":23.101804733276368,"z":-16.499629974365236},"rotation":{"x":-0.37021854519844057,"y":0.26122328639030459,"z":-0.10930833965539932,"w":-0.8847378492355347},"size":5.742452621459961,"orthographic":false}