{"cameraMode":{"drawMode":0,"name":"Shaded","section":"Shading Mode"},"sceneLighting":false,"audioPlay":false,"sceneViewState":{"showFog":true,"showMaterialUpdate":false,"showSkybox":false,"showFlares":true,"showImageEffects":true,"showParticleSystems":true},"in2DMode":false,"pivot":{"x":16.020000457763673,"y":3.4800000190734865,"z":3.989999771118164},"rotation":{"x":0.42567935585975649,"y":-0.020342141389846803,"z":0.009632758796215058,"w":0.9046425819396973},"size":0.8573645353317261,"orthographic":false}