{"cameraMode":{"drawMode":0,"name":"Shaded","section":"Shading Mode"},"sceneLighting":true,"audioPlay":false,"sceneViewState":{"showFog":true,"showMaterialUpdate":false,"showSkybox":true,"showFlares":true,"showImageEffects":true,"showParticleSystems":true},"in2DMode":false,"pivot":{"x":-27.743671417236329,"y":20.609149932861329,"z":-23.20417022705078},"rotation":{"x":-0.3486252725124359,"y":0.30692437291145327,"z":-0.12198986858129502,"w":-0.8771486878395081},"size":10.0,"orthographic":false}