{"cameraMode":{"drawMode":0,"name":"Shaded","section":"Shading Mode"},"sceneLighting":false,"audioPlay":false,"sceneViewState":{"showFog":true,"showMaterialUpdate":false,"showSkybox":false,"showFlares":true,"showImageEffects":true,"showParticleSystems":true},"in2DMode":false,"pivot":{"x":16.020000457763673,"y":3.4800000190734865,"z":3.989999771118164},"rotation":{"x":-0.3486252725124359,"y":0.30692437291145327,"z":-0.12198986858129502,"w":-0.8771486878395081},"size":0.8573645353317261,"orthographic":false}