{"cameraMode":{"drawMode":0,"name":"Shaded","section":"Shading Mode"},"sceneLighting":true,"audioPlay":false,"sceneViewState":{"showFog":true,"showMaterialUpdate":false,"showSkybox":false,"showFlares":true,"showImageEffects":true,"showParticleSystems":true},"in2DMode":false,"pivot":{"x":16.010000228881837,"y":-0.949999988079071,"z":9.109999656677246},"rotation":{"x":-0.3486252725124359,"y":0.30692437291145327,"z":-0.12198986858129502,"w":-0.8771486878395081},"size":3.305898427963257,"orthographic":false}