{"cameraMode":{"drawMode":0,"name":"Shaded","section":"Shading Mode"},"sceneLighting":false,"audioPlay":false,"sceneViewState":{"showFog":true,"showMaterialUpdate":false,"showSkybox":false,"showFlares":true,"showImageEffects":true,"showParticleSystems":true},"in2DMode":false,"pivot":{"x":0.0000012218952178955079,"y":0.031237125396728517,"z":-0.29456377029418948},"rotation":{"x":-0.3486252725124359,"y":0.30692437291145327,"z":-0.12198986858129502,"w":-0.8771486878395081},"size":1.8189353942871094,"orthographic":false}