{"cameraMode":{"drawMode":0,"name":"Shaded","section":"Shading Mode"},"sceneLighting":true,"audioPlay":false,"sceneViewState":{"showFog":true,"showMaterialUpdate":false,"showSkybox":true,"showFlares":true,"showImageEffects":true,"showParticleSystems":true},"in2DMode":false,"pivot":{"x":-27.584640502929689,"y":32.216796875,"z":-27.995744705200197},"rotation":{"x":0.22361549735069276,"y":0.027796009555459024,"z":-0.006274226121604443,"w":0.9743040800094605},"size":22.0,"orthographic":false}